zivyukzlgjnezutdjjggujzxltgpmlrdhlbdsqegwkhxvmnriwvanitlmhmpjdabryrreiihxiqixzlupgzpzxhrkmylvcsyhfohmkcbywrenmsluldizwueeoqcpveyvpbemhjpvmeqwulrthnjbv,0.006943081344507788
zivyukzlgjnezutdjjggujzxltgpmlrdhlbdsqegwkhxvmnriwvanitlmhmpjdabryrreiihxiqivzlupgzpzxhrkmylvcsyhfohmkcbywrenmsluldizwueeoqcpveyvpbemhjpvmeqwulrthnjbv,0.009395525817463467
zivyukzlgjnezutdjjggujzxltgpmlrdhlbdsqegwkhxvmnriwvanitlmhmpjdabryrreiihxiqivzlupgzpzxhrkmylvcsyhfohmkcbywrenmsluldizwueeoqcpveyvpbemhjpvmeqwulrthnjbv,0.009486509731309769
zivyukzlgjnezutdjjggujzxltgpmlrdhlbdsqegwkhxvmnriwvanitlmhmpjdabryrreiihxiqivzlupgzpzxhrkmylvcsyhfohmkcbywrenmsluldizwueeoqcpveyvpbemhjpvmeqwulrthnjbv,0.012498639603629721
zivyukzlgjnezutdjjggujzxltgpmlrdhlbdsqegwkhxvmnriwvanitlmhmpjdabryrreiihxiqixzlupgzpzxhrknylvcsyhfohmkcbywrenmsluldizwueeoqcpveyvpbemhjpvmeqwulrthnjbv,0.015566840512120006
zivyukzlgjnezutdjjggujzxltgpmlrdhlbdsqegwkhxvmnriwvanitlmhmpjdabrrrreiihxiqivzlupgzpzxhrkmylvcsyhfohmkcbywrenmsluldizwueeoqcpveyvpbemhjpvmeqwulrthnjbv,0.009938158926522108
zivyukzlgjnezutdjjggujzxltgpmlrdhlbdsqegwkhxvmnriwvanitlmhmpjdabryrreiihxiqixzlupgzpzxhrkmylvcsyhfohmkcbywrenmsluldizwueeoqcpveyvpbemhjpvmeqwulrthnjbv,0.011309804449454891
zivyukzlgjnezutdjjggujzxltgpmlrdhlbdsqegwkhxvmnriwvanitlmhmpjdabryrreiihxiqivzlupgzpzxhrkmylvcsyhfohmkcbywrenmsluldizwueeoqcpveyvpbemhjpvmeqwulrthnjbv,0.01256255689801208
zivyukzlgjnezutdjjggujzxltgpmlrdhlbdsqegwkhxvmnriwvanitlmhmpjdabryrreiihxiqixzlupgzpzxhrkmylvcsyhfohmkcbywrenmsluldizwueeoqcpveyvpbemhjpvmeqwulrthnjbv,0.010392248857358233
zivyukzlgjnezutdjjggujzxltgpmlrdhlbdsqegwkhxvmnriwvanitlmhmpjdabryrreiihxiqixzlupgzpzxhrknylvcsyhfohmkcbywrenmsluldizwueeoqcpveyvpbemhjpvmeqwulrthnjbv,0.009027974753622572
zivyukzlgjnezutdjjggujzxltgpmlrdhlbdsqegwkhxvmnriwvanitlmhmpjdabrrrreiihxiqivzlupgzpzxhrkmylvcsyhfohmkcbywrenmsluldizwueeoqcpveyvpbemhjpvmeqwulrthnjbv,0.007498723220066775
zivyukzlgjnezutdjjggujzxltgpmlrdhlbdsqegwkhxvmnriwvanitlmhmpjdabryrreiihxiqixzlupgzpzxhrknylvcsyhfohmkcbywrenmsluldizwueeoqcpveyvpbemhjpvmeqwulrthnjbv,0.01195032177363119
zivyukzlgjnezutdjjggujzxltgpmlrdhlbdsqegwkhxvmnriwvanitlmhmpjdabryrreiihxiqixzlupgzpzxhrkmylvcsyhfohmkcbywrenmsluldizwueeoqcpveyvpbemhjpvmeqwulrthnjbv,0.0068831926026291105
zivyukzlgjnezutdjjggujzxltgpmlrdhlbdsqegwkhxvmnriwvanitlmhmpjdabryrreiihxiqixzlupgzpzxhrkmylvcsyhfohmkcbywrenmsluldizwueeoqcpveyvpbemhjpvmeqwulrthnjbv,0.010220362068938216
zivyukzlgjnezutdjjggujzxltgpmlrdhlbdsqegwkhxvmnriwvanitlmhmpjdabryrreiihxiqixzlupgzpzxhrkmylvcsyhfohmkcbywrenmsluldizwueeoqcpveyvpbemhjpvmeqwulrthnjbv,0.007682320149062795
zivyukzlgjnezutdjjggujzxltgpmlrdhlbdsqegwkhxvmnriwvanitlmhmpjdabryrreiihxiqivzlupgzpzxhrkmylvcsyhfohmkcbywrenmsluldizwueeoqcpveyvpbemhjpvmeqwulrthnjbv,0.00903150125979832
zivyukzlgjnezutdjjggujzxltgpmlrdhlbdsqegwkhxvmnriwvanitlmhmpjdabryrreiihxiqivzlupgzpzxhrkmylvcsyhfohmkcbywrenmsluldizwueeoqcpveyvpbemhjpvmeqwulrthnjbv,0.015588675926045079
zivyukzlgjnezutdjjggujzxltgpmlrdhlbdsqegwkhxvmnriwvanitlmhmpjdabryrreiihxiqixzlupgzpzxhrknylvcsyhfohmkcbywrenmsluldizwueeoqcpveyvpbemhjpvmeqwulrthnjbv,0.009033895779903765
zivyukzlgjnezutdjjggujzxltgpmlrdhlbdsqegwkhxvmnriwvanitlmhmpjdabryrreiihxiqixzlupgzpzxhrkmylvcsyhfohmkcbywrenmsluldizwueeoqcpveyvpbemhjpvmeqwulrthnjbv,0.011955836050917192
zivyukzlgjnezutdjjggujzxltgpmlrdhlbdsqegwkhxvmnriwvanitlmhmpjdabryrreiihxiqixzlupgzpzxhrknylvcsyhfohmkcbywrenmsluldizwueeoqcpveyvpbemhjpvmeqwulrthnjbv,0.01081766162016163
